City_ID,City,Country,Date,Lat,Lng,Max Temp,Humidity,Cloudiness,Wind Speed,Current Description
0,Wuwei,CN,2022-06-12 16:27:53,37.9281,102.6414,61.75,16,3,4.94,clear sky
1,Busselton,AU,2022-06-12 16:27:53,-33.65,115.3333,58.66,69,100,31.79,overcast clouds
2,Punta Arenas,CL,2022-06-12 16:27:41,-53.15,-70.9167,51.91,71,40,13.8,scattered clouds
3,Norman Wells,CA,2022-06-12 16:27:54,65.282,-126.8329,42.84,93,100,14.97,light rain
4,Qaanaaq,GL,2022-06-12 16:27:54,77.484,-69.3632,30.81,69,89,3.42,overcast clouds
5,Talnakh,RU,2022-06-12 16:27:54,69.4865,88.3972,63.21,44,100,5.5,overcast clouds
6,Urucara,BR,2022-06-12 16:27:55,-2.5364,-57.76,82.04,80,52,1.41,heavy intensity rain
7,Jamestown,US,2022-06-12 16:27:03,42.097,-79.2353,69.39,57,99,1.01,overcast clouds
8,Oranjemund,NA,2022-06-12 16:27:55,-28.55,16.4333,61.38,66,100,9.51,overcast clouds
9,Esperance,AU,2022-06-12 16:27:55,-33.8667,121.9,59.22,69,80,20.38,broken clouds
10,Port Alfred,ZA,2022-06-12 16:27:56,-33.5906,26.891,74.17,31,94,3.0,overcast clouds
11,Barrow,US,2022-06-12 16:27:56,71.2906,-156.7887,26.62,93,100,0.0,overcast clouds
12,Ponta Do Sol,PT,2022-06-12 16:27:56,32.6667,-17.1,78.71,73,20,5.75,few clouds
13,Mahebourg,MU,2022-06-12 16:27:57,-20.4081,57.7,72.25,94,75,8.05,light rain
14,Lavrentiya,RU,2022-06-12 16:27:57,65.5833,-171.0,34.92,70,100,8.59,overcast clouds
15,Cape Town,ZA,2022-06-12 16:27:57,-33.9258,18.4232,68.38,71,75,27.63,broken clouds
16,Moron,AR,2022-06-12 16:27:58,-34.6534,-58.6198,63.93,44,0,2.1,clear sky
17,Bayir,TR,2022-06-12 16:27:58,37.2687,28.2167,72.12,64,75,9.4,broken clouds
18,Yellowknife,CA,2022-06-12 16:23:02,62.456,-114.3525,61.32,67,75,15.01,broken clouds
19,Rikitea,PF,2022-06-12 16:27:58,-23.1203,-134.9692,72.77,64,83,7.09,broken clouds
20,Kapaa,US,2022-06-12 16:27:59,22.0752,-159.319,76.12,85,75,18.41,broken clouds
21,Igrim,RU,2022-06-12 16:27:59,63.1906,64.4162,49.64,83,100,12.41,light rain
22,Niesky,DE,2022-06-12 16:26:21,51.2924,14.8211,84.02,37,29,10.65,scattered clouds
23,Katsuura,JP,2022-06-12 16:27:59,35.1333,140.3,65.8,88,55,2.89,broken clouds
24,Atuona,PF,2022-06-12 16:26:47,-9.8,-139.0333,78.44,62,74,16.49,broken clouds
25,Asfi,MA,2022-06-12 16:27:04,32.2994,-9.2372,71.73,82,19,11.21,few clouds
26,Acapulco,MX,2022-06-12 16:28:00,16.8634,-99.8901,85.82,62,75,6.91,broken clouds
27,Haines Junction,CA,2022-06-12 16:28:00,60.7522,-137.5108,46.35,81,100,1.14,overcast clouds
28,Albany,US,2022-06-12 16:26:24,42.6001,-73.9662,77.04,58,94,5.99,overcast clouds
29,Mataura,NZ,2022-06-12 16:28:00,-46.1927,168.8643,34.48,97,63,1.54,broken clouds
30,Nanortalik,GL,2022-06-12 16:28:01,60.1432,-45.2371,39.76,94,100,4.83,moderate rain
31,Kassala,SD,2022-06-12 16:28:01,15.451,36.4,100.45,20,6,3.33,clear sky
32,Saskylakh,RU,2022-06-12 16:28:01,71.9167,114.0833,60.17,45,69,7.23,broken clouds
33,Port Blair,IN,2022-06-12 16:23:31,11.6667,92.75,78.84,89,40,3.44,mist
34,Cabo San Lucas,MX,2022-06-12 16:28:02,22.8909,-109.9124,91.71,31,0,10.36,clear sky
35,Baruun-Urt,MN,2022-06-12 16:28:02,46.6806,113.2792,53.83,82,100,14.25,moderate rain
36,Mehamn,NO,2022-06-12 16:28:02,71.0357,27.8492,49.91,71,75,23.02,broken clouds
37,Ushuaia,AR,2022-06-12 16:28:03,-54.8,-68.3,44.26,87,40,8.05,scattered clouds
38,Hargeysa,SO,2022-06-12 16:28:03,9.56,44.065,80.78,41,71,23.31,broken clouds
39,Belyy Yar,RU,2022-06-12 16:28:03,53.6039,91.3903,66.85,94,0,2.24,clear sky
40,Shimoda,JP,2022-06-12 16:28:04,34.6667,138.95,67.84,84,88,8.86,overcast clouds
41,Kaitangata,NZ,2022-06-12 16:28:04,-46.2817,169.8464,35.35,89,31,6.51,scattered clouds
42,Machico,PT,2022-06-12 16:28:04,32.7,-16.7667,78.71,64,20,19.57,few clouds
43,Andenes,NO,2022-06-12 16:28:05,69.3143,16.1194,46.38,87,75,10.36,broken clouds
44,Bluff,NZ,2022-06-12 16:28:05,-46.6,168.3333,34.81,82,9,8.46,clear sky
45,Faya,SA,2022-06-12 16:28:06,18.3851,42.4509,78.91,29,76,9.73,broken clouds
46,Nalut,LY,2022-06-12 16:28:06,30.3333,10.85,89.13,18,0,14.97,clear sky
47,Aklavik,CA,2022-06-12 16:28:06,68.2191,-135.0107,35.6,93,100,14.97,overcast clouds
48,Mar Del Plata,AR,2022-06-12 16:28:07,-38.0023,-57.5575,59.02,62,0,4.61,clear sky
49,Kodiak,US,2022-06-12 16:28:07,57.79,-152.4072,51.31,76,0,3.44,clear sky
50,Asau,RO,2022-06-12 16:28:07,46.4333,26.4,74.32,86,34,11.36,scattered clouds
51,Buenos Aires,AR,2022-06-12 16:25:31,-34.6132,-58.3772,62.49,47,0,4.61,clear sky
52,Bredasdorp,ZA,2022-06-12 16:28:08,-34.5322,20.0403,66.11,36,100,9.01,overcast clouds
53,Vila Velha,BR,2022-06-12 16:28:08,-20.3297,-40.2925,75.15,85,75,12.66,broken clouds
54,Kawalu,ID,2022-06-12 16:28:08,-7.3817,108.2082,73.04,98,100,1.12,overcast clouds
55,New Norfolk,AU,2022-06-12 16:28:08,-42.7826,147.0587,40.91,84,46,3.2,scattered clouds
56,Comodoro Rivadavia,AR,2022-06-12 16:23:41,-45.8667,-67.5,62.46,22,0,13.8,clear sky
57,Dunedin,NZ,2022-06-12 16:28:09,-45.8742,170.5036,43.81,63,71,1.01,broken clouds
58,Sambava,MG,2022-06-12 16:28:09,-14.2667,50.1667,73.58,77,23,16.87,few clouds
59,Khatanga,RU,2022-06-12 16:28:09,71.9667,102.5,61.84,45,15,10.02,few clouds
60,Severo-Kurilsk,RU,2022-06-12 16:28:10,50.6789,156.125,43.34,92,68,7.74,broken clouds
61,Chuy,UY,2022-06-12 16:28:10,-33.6971,-53.4616,57.61,62,44,11.97,scattered clouds
62,Lorengau,PG,2022-06-12 16:28:10,-2.0226,147.2712,80.1,79,80,6.73,broken clouds
63,Jiangyou,CN,2022-06-12 16:28:11,31.7667,104.7167,72.91,77,100,0.76,overcast clouds
64,Hambantota,LK,2022-06-12 16:28:11,6.1241,81.1185,81.25,80,75,17.38,broken clouds
65,Burnie,AU,2022-06-12 16:28:11,-41.0667,145.9167,41.92,77,7,8.43,clear sky
66,Tawang,IN,2022-06-12 16:28:12,27.5833,91.8667,56.5,99,100,1.92,overcast clouds
67,Provideniya,RU,2022-06-12 16:28:12,64.3833,-173.3,35.04,70,27,5.44,scattered clouds
68,La Salle,US,2022-06-12 16:28:12,41.3334,-89.0918,80.24,73,0,13.8,clear sky
69,Constitucion,CL,2022-06-12 16:28:12,-35.3333,-72.4167,55.78,70,55,4.07,broken clouds
70,Vanimo,PG,2022-06-12 16:28:13,-2.6741,141.3028,77.76,87,29,4.94,scattered clouds
71,Tuktoyaktuk,CA,2022-06-12 16:28:13,69.4541,-133.0374,33.8,93,100,9.22,mist
72,Sarangani,PH,2022-06-12 16:28:13,5.4033,125.4636,83.7,72,90,10.07,overcast clouds
73,Usinsk,RU,2022-06-12 16:28:14,65.9939,57.5281,53.91,36,4,15.32,clear sky
74,Carnarvon,AU,2022-06-12 16:28:14,-24.8667,113.6333,68.34,76,47,12.93,scattered clouds
75,Santa Cruz,BO,2022-06-12 16:27:15,-17.8,-63.1667,68.05,30,0,18.41,clear sky
76,Opuwo,NA,2022-06-12 16:28:14,-18.0607,13.84,75.02,24,0,3.56,clear sky
77,Torbay,CA,2022-06-12 16:28:15,47.6666,-52.7314,69.89,65,100,9.22,overcast clouds
78,Hirara,JP,2022-06-12 16:28:15,24.8,125.2833,80.58,88,100,17.47,light rain
79,Salamanca,ES,2022-06-12 16:28:15,40.8333,-6.0,94.78,14,26,13.98,scattered clouds
80,Van,TR,2022-06-12 16:28:04,38.4924,43.3831,67.35,42,75,1.14,broken clouds
81,Hermanus,ZA,2022-06-12 16:28:16,-34.4187,19.2345,70.81,53,100,22.08,overcast clouds
82,Tasiilaq,GL,2022-06-12 16:28:16,65.6145,-37.6368,37.56,99,100,8.7,light rain
83,Smidovich,RU,2022-06-12 16:24:07,48.6,133.8167,57.13,74,83,4.83,broken clouds
84,Fare,PF,2022-06-12 16:28:16,-16.7,-151.0167,79.07,76,19,23.33,moderate rain
85,Storebo,NO,2022-06-12 16:28:17,60.0948,5.2271,55.27,92,98,1.99,overcast clouds
86,Catemaco,MX,2022-06-12 16:28:17,18.4167,-95.1167,83.05,63,99,3.38,overcast clouds
87,Aswan,EG,2022-06-12 16:28:17,24.0934,32.907,108.28,9,0,16.15,clear sky
88,Luderitz,NA,2022-06-12 16:28:18,-26.6481,15.1594,62.02,66,61,4.9,broken clouds
89,Hobart,AU,2022-06-12 16:25:51,-42.8794,147.3294,41.25,85,75,6.91,broken clouds
90,Grindavik,IS,2022-06-12 16:28:18,63.8424,-22.4338,51.75,87,100,9.22,overcast clouds
91,Roald,NO,2022-06-12 16:28:18,62.5833,6.1333,56.75,93,75,20.71,light rain
92,Butaritari,KI,2022-06-12 16:28:19,3.0707,172.7902,81.46,73,14,12.33,few clouds
93,Yeppoon,AU,2022-06-12 16:28:19,-23.1333,150.7333,46.18,66,5,6.64,clear sky
94,Hithadhoo,MV,2022-06-12 16:28:19,-0.6,73.0833,84.04,70,100,5.93,overcast clouds
95,Leh,IN,2022-06-12 16:28:19,34.1667,77.5833,51.73,62,89,7.09,overcast clouds
96,Dzerzhinskoye,RU,2022-06-12 16:28:20,56.8344,95.2283,60.69,94,79,5.19,broken clouds
97,Ndele,CF,2022-06-12 16:28:20,8.4109,20.6473,80.53,70,82,9.51,moderate rain
98,Longyearbyen,SJ,2022-06-12 16:28:20,78.2186,15.6401,39.04,75,75,2.3,broken clouds
99,Catuday,PH,2022-06-12 16:28:21,16.2923,119.8062,80.13,83,100,6.58,overcast clouds
100,Hilo,US,2022-06-12 16:24:14,19.7297,-155.09,78.28,88,20,8.05,few clouds
101,Sao Filipe,CV,2022-06-12 16:28:21,14.8961,-24.4956,75.97,72,5,5.55,clear sky
102,San Quintin,MX,2022-06-12 16:28:21,30.4833,-115.95,69.46,73,12,8.43,few clouds
103,Jalu,LY,2022-06-12 16:28:22,29.0331,21.5482,90.55,26,0,19.93,clear sky
104,Bengkulu,ID,2022-06-12 16:28:22,-3.8004,102.2655,77.29,83,100,3.6,moderate rain
105,Boende,CD,2022-06-12 16:28:22,-0.2167,20.8667,79.68,69,93,0.51,overcast clouds
106,Sibu,MY,2022-06-12 16:27:51,2.3,111.8167,75.51,94,40,3.44,scattered clouds
107,Coquimbo,CL,2022-06-12 16:28:23,-29.9533,-71.3436,56.93,67,0,5.75,clear sky
108,Saint George,US,2022-06-12 16:28:09,37.1041,-113.5841,96.8,14,0,3.44,clear sky
109,Jamsa,FI,2022-06-12 16:28:23,61.8642,25.19,68.72,41,63,11.16,broken clouds
110,Gigmoto,PH,2022-06-12 16:28:23,13.7796,124.39,81.63,82,100,7.94,overcast clouds
111,Kapchorwa,UG,2022-06-12 16:28:24,1.3965,34.4509,62.06,73,85,4.85,overcast clouds
112,Pochutla,MX,2022-06-12 16:28:24,15.7432,-96.4661,85.82,62,62,3.83,broken clouds
113,Pokaran,IN,2022-06-12 16:28:24,26.9167,71.9167,88.95,43,26,27.18,scattered clouds
114,Lasa,IT,2022-06-12 16:28:25,46.6166,10.7002,81.48,31,10,3.89,clear sky
115,Avarua,CK,2022-06-12 16:28:25,-21.2078,-159.775,77.29,68,98,19.82,overcast clouds
116,Salalah,OM,2022-06-12 16:28:25,17.0151,54.0924,86.09,84,20,9.22,few clouds
117,Linxia,CN,2022-06-12 16:28:26,35.6003,103.2064,52.86,68,87,3.65,overcast clouds
118,Bathsheba,BB,2022-06-12 16:28:26,13.2167,-59.5167,88.41,66,75,24.16,broken clouds
119,Denpasar,ID,2022-06-12 16:26:38,-8.65,115.2167,78.46,94,75,10.36,heavy intensity rain
120,Bambous Virieux,MU,2022-06-12 16:28:26,-20.3428,57.7575,72.21,94,75,8.05,moderate rain
121,Turukhansk,RU,2022-06-12 16:28:27,65.8167,87.9833,67.28,52,88,13.78,overcast clouds
122,Miandrivazo,MG,2022-06-12 16:28:27,-19.5167,45.4667,79.47,40,28,4.85,scattered clouds
123,Saint-Philippe,RE,2022-06-12 16:28:27,-21.3585,55.7679,71.19,85,88,16.71,light rain
124,Ust-Kuyga,RU,2022-06-12 16:28:28,70.0167,135.6,57.09,49,0,8.77,clear sky
125,Grand Gaube,MU,2022-06-12 16:28:28,-20.0064,57.6608,72.37,80,99,10.0,overcast clouds
126,Kavaratti,IN,2022-06-12 16:28:28,10.5669,72.642,80.11,83,100,17.54,overcast clouds
127,Port Said,EG,2022-06-12 16:28:29,31.2565,32.2841,75.99,74,0,22.37,clear sky
128,Pangnirtung,CA,2022-06-12 16:28:29,66.1451,-65.7125,37.4,87,75,11.5,broken clouds
129,Lebu,CL,2022-06-12 16:28:29,-37.6167,-73.65,52.29,76,85,8.48,overcast clouds
130,Krutinka,RU,2022-06-12 16:28:30,56.0055,71.5113,56.34,94,10,9.35,clear sky
131,Mount Gambier,AU,2022-06-12 16:28:30,-37.8333,140.7667,44.51,100,100,5.75,mist
132,Tonantins,BR,2022-06-12 16:28:30,-2.8731,-67.8022,75.87,73,100,5.35,overcast clouds
133,Lagoa,PT,2022-06-12 16:28:31,39.05,-27.9833,61.81,73,5,21.41,clear sky
134,Cedral,MX,2022-06-12 16:28:31,23.8,-100.7333,73.8,40,93,13.24,overcast clouds
135,Decines-Charpieu,FR,2022-06-12 16:28:31,45.7686,4.9598,90.09,31,40,10.36,scattered clouds
136,Bethel,US,2022-06-12 16:28:32,41.3712,-73.414,70.65,80,100,10.36,overcast clouds
137,Sinnamary,GF,2022-06-12 16:28:32,5.3833,-52.95,82.11,77,68,7.09,broken clouds
138,Henties Bay,NA,2022-06-12 16:28:32,-22.116,14.2845,64.8,68,0,5.41,clear sky
139,Antalaha,MG,2022-06-12 16:28:32,-14.9003,50.2788,72.34,77,27,11.7,scattered clouds
140,Santa Rosa,PH,2022-06-12 16:24:13,14.3122,121.1114,82.38,87,96,3.47,overcast clouds
141,Gondanglegi,ID,2022-06-12 16:28:33,-7.7479,112.0132,75.69,91,96,3.18,overcast clouds
142,Dikson,RU,2022-06-12 16:28:33,73.5069,80.5464,30.47,94,76,16.42,broken clouds
143,Urengoy,RU,2022-06-12 16:28:33,65.9667,78.3667,60.98,76,99,6.08,overcast clouds
144,Lompoc,US,2022-06-12 16:28:34,34.6391,-120.4579,70.84,90,100,4.61,overcast clouds
145,Fort Frances,CA,2022-06-12 16:28:04,48.5999,-93.4003,62.82,65,75,6.91,broken clouds
146,Nikolskoye,RU,2022-06-12 16:28:34,59.7035,30.7861,67.91,58,95,6.69,overcast clouds
147,San Juan,AR,2022-06-12 16:28:34,-31.5375,-68.5364,59.72,32,17,3.04,few clouds
148,Buchanan,LR,2022-06-12 16:28:35,5.8808,-10.0467,81.0,79,96,10.36,light rain
149,Bambanglipuro,ID,2022-06-12 16:25:14,-7.95,110.2833,77.65,86,100,2.51,overcast clouds
150,Anchorage,US,2022-06-12 16:27:05,61.2181,-149.9003,55.2,73,0,9.22,clear sky
151,Tulum,MX,2022-06-12 16:28:35,20.2167,-87.4667,86.0,63,8,9.33,clear sky
152,Ilulissat,GL,2022-06-12 16:28:36,69.2167,-51.1,37.42,70,75,11.5,broken clouds
153,Bonthe,SL,2022-06-12 16:28:36,7.5264,-12.505,83.41,70,90,10.71,light rain
154,Solntsevo,RU,2022-06-12 16:28:36,51.4185,36.7499,62.94,81,17,6.71,heavy intensity rain
155,Srednekolymsk,RU,2022-06-12 16:28:36,67.45,153.6833,50.4,50,25,6.85,scattered clouds
156,Vaini,TO,2022-06-12 16:28:37,-21.2,-175.2,73.56,100,40,2.3,scattered clouds
157,Manta,EC,2022-06-12 16:25:24,-0.95,-80.7333,78.58,73,75,6.91,broken clouds
158,Paamiut,GL,2022-06-12 16:28:37,61.994,-49.6678,36.61,93,100,8.55,overcast clouds
159,Yanam,IN,2022-06-12 16:28:37,16.7333,82.2167,83.95,73,44,3.4,moderate rain
160,Georgetown,MY,2022-06-12 16:27:41,5.4112,100.3354,80.55,93,20,3.44,few clouds
161,Champerico,GT,2022-06-12 16:28:38,14.3,-91.9167,88.34,71,73,3.98,broken clouds
162,Benton Harbor,US,2022-06-12 16:26:32,42.1167,-86.4542,81.84,75,0,7.0,clear sky
163,Vaitape,PF,2022-06-12 16:28:38,-16.5167,-151.75,79.3,77,35,20.96,light rain
164,Bilma,NE,2022-06-12 16:28:38,18.6853,12.9164,109.94,7,25,7.23,scattered clouds
165,Zhigansk,RU,2022-06-12 16:28:39,66.7697,123.3711,49.87,93,100,7.16,moderate rain
166,Saldanha,ZA,2022-06-12 16:28:39,-33.0117,17.9442,59.05,77,100,18.79,overcast clouds
167,Bairiki,KI,2022-06-12 16:28:39,1.3292,172.9752,80.58,72,10,12.82,clear sky
168,Kozlovo,RU,2022-06-12 16:28:40,56.5167,36.2667,68.25,60,47,6.24,scattered clouds
169,Thompson,CA,2022-06-12 16:28:04,55.7435,-97.8558,69.96,43,75,9.22,broken clouds
170,Rudnichnyy,RU,2022-06-12 16:28:40,59.617,52.4703,56.17,61,20,7.31,few clouds
171,Sola,VU,2022-06-12 16:28:40,-13.8833,167.55,79.3,80,40,9.33,scattered clouds
172,Isangel,VU,2022-06-12 16:28:41,-19.55,169.2667,76.26,88,94,3.11,overcast clouds
173,Khorixas,NA,2022-06-12 16:28:41,-20.3667,14.9667,76.48,23,0,7.81,clear sky
174,Ilave,PE,2022-06-12 16:28:41,-16.0833,-69.6667,50.27,13,0,5.41,clear sky
175,Cameta,BR,2022-06-12 16:28:42,-2.2444,-49.4958,83.73,68,23,3.15,few clouds
176,Ancud,CL,2022-06-12 16:28:42,-41.8697,-73.8203,49.23,78,100,12.71,overcast clouds
177,Oxford,GB,2022-06-12 16:28:42,51.7522,-1.256,68.88,50,20,12.66,few clouds
178,Inhambane,MZ,2022-06-12 16:28:42,-23.865,35.3833,71.58,78,20,3.44,few clouds
179,Laguna,US,2022-06-12 16:28:43,38.421,-121.4238,76.14,67,0,11.5,clear sky
180,Hovd,MN,2022-06-12 16:28:43,48.0056,91.6419,73.81,19,45,5.35,scattered clouds
181,Gat,IL,2022-06-12 16:26:06,31.61,34.7642,77.77,100,0,10.4,clear sky
182,Ciudad Bolivar,VE,2022-06-12 16:28:43,8.1222,-63.5497,83.73,68,95,7.99,overcast clouds
183,Kieta,PG,2022-06-12 16:28:44,-6.2167,155.6333,78.78,80,23,4.72,few clouds
184,Deputatskiy,RU,2022-06-12 16:28:44,69.3,139.9,47.82,60,4,6.42,clear sky
185,Berlevag,NO,2022-06-12 16:28:44,70.8578,29.0864,49.95,62,100,20.71,overcast clouds
186,Kijang,KR,2022-06-12 16:28:45,35.2442,129.2139,65.93,84,100,10.31,overcast clouds
187,Santa Vitoria,BR,2022-06-12 16:28:45,-18.8386,-50.1214,72.21,41,95,8.79,overcast clouds
188,Cidreira,BR,2022-06-12 16:28:45,-30.1811,-50.2056,54.72,58,5,19.98,clear sky
189,Puerto Ayora,EC,2022-06-12 16:28:46,-0.7393,-90.3518,78.76,90,73,5.99,broken clouds
190,Cabedelo,BR,2022-06-12 16:28:46,-6.9811,-34.8339,86.67,72,35,9.48,scattered clouds
191,Xuddur,SO,2022-06-12 16:28:46,4.1213,43.8894,79.57,60,99,16.46,overcast clouds
192,Lodja,CD,2022-06-12 16:25:58,-3.4833,23.4333,84.51,43,99,1.66,overcast clouds
193,North Bend,US,2022-06-12 16:28:47,43.4065,-124.2243,56.25,100,100,8.05,mist
194,Coari,BR,2022-06-12 16:28:47,-4.085,-63.1414,72.79,85,99,3.06,overcast clouds
195,Upernavik,GL,2022-06-12 16:28:47,72.7868,-56.1549,29.3,76,92,13.65,overcast clouds
196,Buraydah,SA,2022-06-12 16:28:48,26.326,43.975,104.45,8,0,9.22,clear sky
197,Ojinaga,MX,2022-06-12 16:28:48,29.5667,-104.4167,98.56,31,0,4.61,clear sky
198,Leningradskiy,RU,2022-06-12 16:28:48,69.3833,178.4167,36.72,66,26,10.58,scattered clouds
199,Saint Anthony,US,2022-06-12 16:28:04,45.0205,-93.218,73.09,79,100,14.97,overcast clouds
200,Nome,US,2022-06-12 16:28:49,64.5011,-165.4064,42.17,60,100,6.91,overcast clouds
201,East London,ZA,2022-06-12 16:24:50,-33.0153,27.9116,76.14,27,0,10.36,clear sky
202,Amboasary,MG,2022-06-12 16:28:49,-25.0333,46.3833,65.66,72,0,8.34,clear sky
203,Young,UY,2022-06-12 16:28:49,-32.6833,-57.6333,56.53,47,0,4.85,clear sky
204,Mocuba,MZ,2022-06-12 16:28:50,-16.8392,36.9856,64.31,96,57,3.76,light rain
205,Weymouth,US,2022-06-12 16:28:50,42.2209,-70.9398,80.83,59,75,10.36,broken clouds
206,Bosobolo,CD,2022-06-12 16:28:50,4.1833,19.9,79.74,71,100,2.53,light rain
207,Hasaki,JP,2022-06-12 16:28:51,35.7333,140.8333,57.6,72,13,4.61,few clouds
208,Mao,ES,2022-06-12 16:28:51,39.8885,4.2658,82.96,47,0,8.05,clear sky
209,Corn Island,NI,2022-06-12 16:28:51,12.1694,-83.0418,78.49,86,100,16.8,overcast clouds
210,Benguela,AO,2022-06-12 16:28:52,-12.5763,13.4055,78.53,57,14,6.62,few clouds
211,Arraial Do Cabo,BR,2022-06-12 16:28:52,-22.9661,-42.0278,69.66,78,75,12.66,broken clouds
212,Caravelas,BR,2022-06-12 16:28:52,-17.7125,-39.2481,79.61,66,100,2.57,overcast clouds
213,San Patricio,US,2022-06-12 16:28:53,28.017,-97.5169,93.07,42,55,14.94,broken clouds
214,Rockhampton,AU,2022-06-12 16:28:53,-23.3833,150.5,46.29,87,13,0.0,few clouds
215,Vershino-Shakhtaminskiy,RU,2022-06-12 16:28:53,51.3012,117.8868,48.79,99,94,3.78,overcast clouds
216,Olinda,BR,2022-06-12 16:28:53,-8.0089,-34.8553,83.93,65,20,9.22,few clouds
217,Port Macquarie,AU,2022-06-12 16:28:54,-31.4333,152.9167,42.89,72,62,8.97,broken clouds
218,Buribay,RU,2022-06-12 16:28:54,51.9617,58.1592,55.33,67,1,13.18,clear sky
219,Robertsport,LR,2022-06-12 16:28:54,6.7533,-11.3686,81.45,78,80,10.87,light rain
220,Meulaboh,ID,2022-06-12 16:28:55,4.1363,96.1285,76.64,86,100,7.09,overcast clouds
221,Ekhabi,RU,2022-06-12 16:28:55,53.5102,142.9671,48.33,82,36,9.98,scattered clouds
222,Manyana,BW,2022-06-12 16:28:55,-23.4,21.7167,61.09,38,0,5.14,clear sky
223,Bac Lieu,VN,2022-06-12 16:23:57,9.285,105.7244,81.82,82,87,6.69,overcast clouds
224,Lincoln,US,2022-06-12 16:25:32,40.8,-96.667,80.87,77,0,10.36,clear sky
225,Dzhebariki-Khaya,RU,2022-06-12 16:28:56,62.2167,135.8,56.08,87,100,5.77,light rain
226,Manokwari,ID,2022-06-12 16:28:56,-0.8667,134.0833,78.6,76,18,2.71,few clouds
227,Goderich,CA,2022-06-12 16:28:57,43.7501,-81.7165,61.12,88,90,4.61,overcast clouds
228,Portland,US,2022-06-12 16:26:03,45.5234,-122.6762,56.08,90,100,8.05,light rain
229,Ustrzyki Dolne,PL,2022-06-12 16:28:57,49.4304,22.5938,70.12,100,4,7.25,clear sky
230,Buala,SB,2022-06-12 16:28:57,-8.145,159.5921,78.87,77,94,4.18,overcast clouds
231,Gravdal,NO,2022-06-12 16:28:58,68.1214,13.5031,58.89,72,0,6.91,clear sky
232,Codrington,AU,2022-06-12 16:28:58,-38.2667,141.9667,52.23,81,100,7.7,overcast clouds
233,Kendari,ID,2022-06-12 16:28:58,-3.945,122.4989,74.19,95,100,0.72,overcast clouds
234,Moree,AU,2022-06-12 16:25:08,-29.4667,149.85,42.93,81,100,11.5,overcast clouds
235,Chokurdakh,RU,2022-06-12 16:29:00,70.6333,147.9167,49.87,41,12,11.1,few clouds
236,Rialma,BR,2022-06-12 16:29:00,-15.315,-49.5844,88.47,31,89,2.26,overcast clouds
237,Aktas,KZ,2022-06-12 16:29:00,49.7789,72.9608,65.95,48,100,9.73,overcast clouds
238,Iqaluit,CA,2022-06-12 16:29:00,63.7506,-68.5145,42.53,60,20,12.66,few clouds
239,Zambrow,PL,2022-06-12 16:29:01,52.9855,22.2432,71.1,57,40,7.2,scattered clouds
240,Zhicheng,CN,2022-06-12 16:29:01,30.2956,111.5047,68.05,90,100,1.45,overcast clouds
241,Chernyshevskiy,RU,2022-06-12 16:29:01,63.0128,112.4714,45.12,88,34,1.88,scattered clouds
242,Kununurra,AU,2022-06-12 16:29:02,-15.7667,128.7333,55.38,71,32,1.14,scattered clouds
243,Sioux Lookout,CA,2022-06-12 16:29:02,50.1001,-91.917,64.47,42,75,11.5,broken clouds
244,Erenhot,CN,2022-06-12 16:29:02,43.6475,111.9767,60.06,57,85,12.8,overcast clouds
245,Tigzirt,DZ,2022-06-12 16:29:03,36.8886,4.1198,79.97,48,2,10.83,clear sky
246,Darhan,MN,2022-06-12 16:29:03,49.4867,105.9228,62.04,41,86,0.36,overcast clouds
247,Tomatlan,MX,2022-06-12 16:29:03,19.9333,-105.25,90.97,49,7,3.02,clear sky
248,Samana,DO,2022-06-12 16:29:04,19.2056,-69.3369,86.22,79,40,6.91,scattered clouds
249,Ketchikan,US,2022-06-12 16:29:04,55.3422,-131.6461,50.47,87,75,6.91,light rain
250,Dharchula,IN,2022-06-12 16:29:04,29.85,80.5333,75.36,45,67,6.13,broken clouds
251,Banyo,CM,2022-06-12 16:29:05,6.75,11.8167,68.34,93,100,3.27,light rain
252,Port Hedland,AU,2022-06-12 16:29:05,-20.3167,118.5667,69.85,78,100,0.0,overcast clouds
253,Dhidhdhoo,MV,2022-06-12 16:26:16,6.8833,73.1,82.62,74,100,9.35,moderate rain
254,Broken Hill,AU,2022-06-12 16:29:05,-31.95,141.4333,43.59,85,24,6.6,few clouds
255,Kathu,TH,2022-06-12 16:29:06,7.9178,98.3332,85.69,99,90,11.3,overcast clouds
256,Ulladulla,AU,2022-06-12 16:29:06,-35.35,150.4667,48.13,75,32,7.36,scattered clouds
257,Jiayuguan,CN,2022-06-12 16:29:06,39.8167,98.3,70.2,8,0,4.41,clear sky
258,San Cristobal,VE,2022-06-12 16:29:07,7.7669,-72.225,71.78,93,100,5.19,overcast clouds
259,Agadez,NE,2022-06-12 16:29:07,19.75,10.25,107.53,7,2,8.68,clear sky
260,Airai,TL,2022-06-12 16:29:07,-8.9266,125.4092,55.83,87,88,3.09,overcast clouds
261,Port Augusta,AU,2022-06-12 16:29:08,-32.5,137.7667,48.67,84,97,3.44,overcast clouds
262,Kavieng,PG,2022-06-12 16:29:08,-2.5744,150.7967,81.23,79,31,12.82,light rain
263,Lardos,GR,2022-06-12 16:29:08,36.0942,28.0157,77.95,74,0,20.36,clear sky
264,Zenzeli,RU,2022-06-12 16:29:09,45.9241,47.0474,80.28,28,43,13.33,scattered clouds
265,Abha,SA,2022-06-12 16:29:09,18.2164,42.5053,78.62,34,20,11.5,few clouds
266,Havoysund,NO,2022-06-12 16:29:09,70.9963,24.6622,44.83,94,100,32.97,light rain
267,Bilibino,RU,2022-06-12 16:29:09,68.0546,166.4372,49.64,48,65,4.68,broken clouds
268,Ostrovnoy,RU,2022-06-12 16:29:10,68.0531,39.5131,60.93,68,91,21.59,overcast clouds
269,Victoria,HK,2022-06-12 16:26:10,22.2855,114.1577,84.38,87,100,8.01,overcast clouds
270,Barmer,IN,2022-06-12 16:29:10,25.75,71.3833,84.92,50,1,15.61,clear sky
271,Safaga,EG,2022-06-12 16:29:11,26.7292,33.9365,93.61,35,0,16.51,clear sky
272,Bandarbeyla,SO,2022-06-12 16:29:11,9.4942,50.8122,79.29,79,93,31.74,overcast clouds
273,Alampur,IN,2022-06-12 16:29:11,15.8833,78.15,92.01,40,96,16.64,overcast clouds
274,Klaksvik,FO,2022-06-12 16:29:12,62.2266,-6.589,52.72,95,100,16.64,overcast clouds
275,Aykhal,RU,2022-06-12 16:29:12,66.0,111.5,49.82,67,59,2.75,broken clouds
276,Koupela,BF,2022-06-12 16:29:12,12.1794,-0.3517,95.29,33,92,5.86,overcast clouds
277,Conceicao Do Araguaia,BR,2022-06-12 16:29:12,-8.2578,-49.2647,92.89,38,86,2.01,overcast clouds
278,Palenque,MX,2022-06-12 16:29:13,17.5167,-91.9667,73.56,100,40,11.5,scattered clouds
279,Shihezi,CN,2022-06-12 16:29:13,44.3,86.0333,83.66,28,7,5.75,clear sky
280,Honiara,SB,2022-06-12 16:29:13,-9.4333,159.95,75.27,79,11,4.45,few clouds
281,Luzhou,CN,2022-06-12 16:27:36,28.8724,105.4405,67.57,96,95,1.63,overcast clouds
282,Sonoita,MX,2022-06-12 16:29:14,31.85,-112.8333,93.11,24,1,5.3,clear sky
283,Saint-Joseph,RE,2022-06-12 16:29:14,-21.3667,55.6167,70.18,83,47,16.35,light rain
284,Egvekinot,RU,2022-06-12 16:29:14,66.3167,-179.1667,37.36,54,87,3.2,overcast clouds
285,Praia Da Vitoria,PT,2022-06-12 16:29:15,38.7333,-27.0667,64.76,82,75,20.13,broken clouds
286,Iwanai,JP,2022-06-12 16:29:15,42.9744,140.5089,50.02,97,53,2.64,broken clouds
287,Kashi,CN,2022-06-12 16:29:15,39.4547,75.9797,76.21,29,20,15.66,few clouds
288,Beyneu,KZ,2022-06-12 16:29:16,45.3167,55.2,86.61,21,10,8.19,clear sky
289,Calama,CL,2022-06-12 16:29:16,-22.4667,-68.9333,63.09,4,0,12.66,clear sky
290,Port Lincoln,AU,2022-06-12 16:29:16,-34.7333,135.8667,54.1,70,100,6.04,overcast clouds
291,Udachnyy,RU,2022-06-12 16:29:17,66.4167,112.4,48.45,93,89,4.32,light rain
292,Peace River,CA,2022-06-12 16:29:17,56.2501,-117.286,62.91,44,20,14.97,few clouds
293,Ribeira Grande,PT,2022-06-12 16:29:17,38.5167,-28.7,68.4,56,20,10.36,few clouds
294,Trincomalee,LK,2022-06-12 16:29:17,8.5711,81.2335,82.99,71,100,15.05,overcast clouds
295,Qinzhou,CN,2022-06-12 16:27:26,21.95,108.6167,79.74,93,85,6.71,overcast clouds
296,Sorland,NO,2022-06-12 16:29:18,67.667,12.6934,49.86,90,97,7.94,overcast clouds
297,Sitka,US,2022-06-12 16:26:53,57.0531,-135.33,51.69,71,75,3.44,broken clouds
298,Adrar,MR,2022-06-12 16:29:18,20.5022,-10.0711,110.21,5,0,11.05,clear sky
299,Buin,CL,2022-06-12 16:29:19,-33.7333,-70.75,71.87,28,18,3.69,few clouds
300,Gamba,GA,2022-06-12 16:29:19,-2.65,10.0,79.03,76,29,8.14,scattered clouds
301,Barao De Melgaco,BR,2022-06-12 16:29:19,-16.1944,-55.9675,72.7,39,96,7.23,overcast clouds
302,Lufilufi,WS,2022-06-12 16:29:20,-13.8745,-171.5986,73.18,79,23,16.28,light rain
303,Brigantine,US,2022-06-12 16:29:20,39.4101,-74.3646,72.01,88,20,6.91,few clouds
304,Fairbanks,US,2022-06-12 16:29:20,64.8378,-147.7164,58.23,72,0,5.75,clear sky
305,Ampanihy,MG,2022-06-12 16:29:21,-24.7,44.75,68.07,63,0,11.34,clear sky
306,Half Moon Bay,US,2022-06-12 16:29:21,37.4636,-122.4286,78.89,82,100,5.75,overcast clouds
307,Mayo,US,2022-06-12 16:29:21,38.8876,-76.5119,72.99,86,75,5.75,broken clouds
308,Lata,PT,2022-06-12 16:29:21,40.1629,-8.3327,87.08,50,0,9.01,clear sky
309,Pachino,IT,2022-06-12 16:29:22,36.7186,15.0907,74.75,63,0,9.6,clear sky
310,Castro,BR,2022-06-12 16:29:22,-24.7911,-50.0119,52.39,49,4,8.43,clear sky
311,Faanui,PF,2022-06-12 16:29:22,-16.4833,-151.75,79.3,76,33,20.54,light rain
312,Ballina,AU,2022-06-12 16:26:11,-28.8667,153.5667,52.32,69,100,7.92,overcast clouds
313,Wundanyi,KE,2022-06-12 16:29:23,-3.4019,38.364,66.0,59,94,12.19,overcast clouds
314,Flinders,AU,2022-06-12 16:29:23,-34.5833,150.8552,49.37,78,10,8.97,clear sky
315,Tikapur,NP,2022-06-12 16:29:23,28.5,81.1333,96.01,27,29,6.96,scattered clouds
316,Yamada,JP,2022-06-12 16:29:24,39.4667,141.95,53.2,88,3,6.85,clear sky
317,Dingle,PH,2022-06-12 16:29:24,10.9995,122.6711,77.77,85,38,3.24,scattered clouds
318,Darovskoy,RU,2022-06-12 16:29:24,58.77,47.9564,57.47,62,9,4.7,clear sky
319,Murree,PK,2022-06-12 16:29:25,33.9073,73.393,61.3,53,75,9.89,broken clouds
320,Loucna Nad Desnou,CZ,2022-06-12 16:29:25,50.0743,17.0905,75.16,57,80,0.38,broken clouds
321,Auki,SB,2022-06-12 16:29:25,-8.7676,160.7034,75.31,83,54,3.33,broken clouds
322,Namatanai,PG,2022-06-12 16:29:26,-3.6667,152.4333,78.73,79,31,8.01,light rain
323,Semikarakorsk,RU,2022-06-12 16:29:26,47.5194,40.8112,79.75,50,25,8.81,scattered clouds
324,Kidal,ML,2022-06-12 16:29:26,18.4411,1.4078,100.67,19,53,7.29,broken clouds
325,Merauke,ID,2022-06-12 16:29:27,-8.4667,140.3333,77.5,89,100,14.05,overcast clouds
326,Impfondo,CG,2022-06-12 16:29:27,1.6381,18.0667,78.82,75,72,4.47,light rain
327,Los Llanos De Aridane,ES,2022-06-12 16:29:27,28.6585,-17.9182,72.12,83,40,13.8,scattered clouds
328,Antsohihy,MG,2022-06-12 16:29:28,-14.8796,47.9875,76.78,51,36,13.53,scattered clouds
329,Tuatapere,NZ,2022-06-12 16:29:28,-46.1333,167.6833,37.83,90,26,3.29,scattered clouds
330,Cherskiy,RU,2022-06-12 16:29:28,68.75,161.3,54.88,40,19,6.44,few clouds
331,Hervey Bay,AU,2022-06-12 16:29:28,-25.2986,152.8535,54.21,64,96,12.59,overcast clouds
332,Zwedru,LR,2022-06-12 16:29:29,6.0667,-8.1281,78.39,91,91,3.53,moderate rain
333,Mendi,PG,2022-06-12 16:29:29,-6.1761,143.6513,55.33,97,78,2.73,broken clouds
334,Shizunai,JP,2022-06-12 16:25:07,42.3339,142.3669,53.58,97,82,6.46,light rain
335,Touros,BR,2022-06-12 16:29:29,-5.1989,-35.4608,84.04,66,37,11.41,scattered clouds
336,Riyadh,SA,2022-06-12 16:27:20,24.6877,46.7219,104.14,8,0,8.9,clear sky
337,Abu Kamal,SY,2022-06-12 16:29:30,34.4506,40.9171,103.19,11,36,4.14,scattered clouds
338,Lengshuijiang,CN,2022-06-12 16:29:30,27.6881,111.4294,69.6,92,100,2.77,overcast clouds
339,Agirish,RU,2022-06-12 16:29:30,61.9247,63.0231,52.77,73,100,10.11,overcast clouds
340,Pouebo,NC,2022-06-12 16:29:31,-20.4,164.5667,72.61,85,100,4.45,overcast clouds
341,Eureka,US,2022-06-12 16:29:31,40.8021,-124.1637,59.67,95,100,5.01,overcast clouds
342,Balabac,PH,2022-06-12 16:29:31,7.9868,117.0645,81.95,73,50,5.61,scattered clouds
343,Lujan,AR,2022-06-12 16:29:32,-34.5703,-59.105,63.05,35,0,3.53,clear sky
344,Ibra,OM,2022-06-12 16:29:32,22.6906,58.5334,87.4,36,1,13.91,clear sky
345,Wamba,NG,2022-06-12 16:29:32,8.9333,8.6,88.14,53,93,4.59,light rain
346,Chernelytsya,UA,2022-06-12 16:29:33,48.8121,25.4248,69.22,69,99,5.55,overcast clouds
347,Tigil,RU,2022-06-12 16:29:33,57.8,158.6667,42.66,95,100,9.1,light rain
348,The Pas,CA,2022-06-12 16:28:09,53.8251,-101.2541,64.42,63,0,4.61,clear sky
349,Melchor De Mencos,GT,2022-06-12 16:29:33,17.0686,-89.1522,86.0,70,40,0.0,scattered clouds
350,Methala,IN,2022-06-12 16:29:34,10.2166,76.2166,77.0,89,100,7.96,moderate rain
351,Prieska,ZA,2022-06-12 16:29:34,-29.6641,22.7474,64.9,30,67,12.93,broken clouds
352,Libreville,GA,2022-06-12 16:25:36,0.3925,9.4537,79.72,80,57,8.41,light rain
353,Clyde River,CA,2022-06-12 16:29:34,70.4692,-68.5914,34.03,86,100,10.36,light rain
354,Huarmey,PE,2022-06-12 16:29:35,-10.0681,-78.1522,68.77,69,52,9.78,broken clouds
355,Salinas,US,2022-06-12 16:29:35,36.6777,-121.6555,76.01,69,0,6.91,clear sky
356,Zhezkazgan,KZ,2022-06-12 16:29:35,47.8043,67.7144,71.58,43,47,1.19,scattered clouds
357,Gornyak,RU,2022-06-12 16:29:36,50.9942,81.4661,66.99,79,79,7.25,broken clouds
358,Tual,ID,2022-06-12 16:29:36,-5.6667,132.75,82.65,77,89,12.35,overcast clouds
359,Northam,GB,2022-06-12 16:29:36,51.0333,-4.2167,61.66,72,0,13.4,clear sky
360,Umm Lajj,SA,2022-06-12 16:29:36,25.0213,37.2685,87.57,56,0,4.05,clear sky
361,Huainan,CN,2022-06-12 16:29:37,32.6264,116.9969,72.21,77,100,8.23,heavy intensity rain
362,Rawson,AR,2022-06-12 16:27:30,-43.3002,-65.1023,60.53,27,100,7.65,overcast clouds
363,Buenaventura,CO,2022-06-12 16:29:37,3.8801,-77.0312,84.36,71,67,2.57,broken clouds
364,Nicoya,CR,2022-06-12 16:29:37,10.1483,-85.452,75.38,90,100,3.04,overcast clouds
365,Niquero,CU,2022-06-12 16:29:38,20.0431,-77.5828,85.71,66,87,4.23,overcast clouds
366,Bereda,ES,2022-06-12 16:29:38,43.2686,-7.5406,66.42,83,95,8.61,overcast clouds
367,Alta,NO,2022-06-12 16:29:13,69.9689,23.2717,50.2,70,75,10.36,broken clouds
368,Matay,EG,2022-06-12 16:29:38,28.419,30.7792,97.07,16,0,17.05,clear sky
369,Svetlyy,RU,2022-06-12 16:29:39,54.675,20.1347,64.45,64,97,4.63,overcast clouds
370,Farmington,US,2022-06-12 16:29:39,36.7281,-108.2187,89.2,18,0,6.91,clear sky
371,Padang,ID,2022-06-12 16:29:39,-0.9492,100.3543,75.25,83,100,4.38,overcast clouds
372,Owerri,NG,2022-06-12 16:29:40,5.4833,7.0304,84.56,70,86,2.82,light rain
373,Maxixe,MZ,2022-06-12 16:29:40,-23.8597,35.3472,71.42,78,20,3.44,few clouds
374,Santa Maria,BR,2022-06-12 16:29:40,-29.6842,-53.8069,58.3,41,0,9.22,clear sky
375,Palu,ID,2022-06-12 16:29:41,-0.8917,119.8707,75.02,95,99,2.82,light rain
376,Cedar City,US,2022-06-12 16:29:41,37.6775,-113.0619,81.57,13,0,19.57,clear sky
377,Ust-Tsilma,RU,2022-06-12 16:29:41,65.441,52.1498,59.04,36,0,5.46,clear sky
378,Petropavlovsk-Kamchatskiy,RU,2022-06-12 16:29:41,53.0452,158.6483,46.99,66,75,4.47,broken clouds
379,Rocha,UY,2022-06-12 16:29:42,-34.4833,-54.3333,56.23,64,24,12.17,few clouds
380,Bismarck,US,2022-06-12 16:25:02,46.8083,-100.7837,80.44,54,0,14.97,clear sky
381,Surskoye,RU,2022-06-12 16:29:42,54.4821,46.7214,58.1,72,9,5.68,clear sky
382,Pemba,MZ,2022-06-12 16:29:42,-12.974,40.5178,79.5,69,20,13.8,few clouds
383,Noumea,NC,2022-06-12 16:26:44,-22.2763,166.4572,73.0,99,100,5.7,overcast clouds
384,Alofi,NU,2022-06-12 16:29:43,-19.0595,-169.9187,73.29,94,39,4.61,scattered clouds
385,Raudeberg,NO,2022-06-12 16:29:43,61.9875,5.1352,52.47,93,95,24.11,overcast clouds
386,Cayenne,GF,2022-06-12 16:29:43,4.9333,-52.3333,87.84,28,20,11.5,few clouds
387,Althofen,AT,2022-06-12 16:29:44,46.8818,14.4676,81.16,37,5,0.27,clear sky
388,Monsenhor Gil,BR,2022-06-12 16:29:44,-5.5642,-42.6078,86.27,61,49,2.8,scattered clouds
389,Aksarka,RU,2022-06-12 16:29:44,66.5606,67.7975,44.01,77,100,26.26,light rain
390,Moussoro,TD,2022-06-12 16:29:46,13.6408,16.4901,104.18,19,21,9.28,few clouds
391,Halifax,CA,2022-06-12 16:29:09,44.6453,-63.5724,80.53,56,51,4.0,broken clouds
392,Tura,IN,2022-06-12 16:29:46,25.5198,90.2201,74.8,97,99,6.62,overcast clouds
393,Kruisfontein,ZA,2022-06-12 16:29:46,-34.0033,24.7314,76.89,20,100,19.77,overcast clouds
394,Vanavara,RU,2022-06-12 16:29:47,60.34,102.2797,59.07,52,100,7.61,overcast clouds
395,Saint-Georges,GD,2022-06-12 16:29:47,12.0564,-61.7485,83.88,79,20,23.02,few clouds
396,Lipari,IT,2022-06-12 16:29:47,38.4674,14.954,78.33,75,0,13.09,clear sky
397,Port Hawkesbury,CA,2022-06-12 16:29:48,45.6169,-61.3485,78.91,60,0,8.05,clear sky
398,Sur,OM,2022-06-12 16:29:48,22.5667,59.5289,86.72,67,0,17.92,clear sky
399,Lensk,RU,2022-06-12 16:29:48,60.7253,114.9278,47.34,67,10,3.27,clear sky
400,Port Jervis,US,2022-06-12 16:28:09,41.3751,-74.6927,69.37,84,98,6.69,overcast clouds
401,Beira,MZ,2022-06-12 16:29:49,-19.8436,34.8389,70.09,79,7,8.28,clear sky
402,Taywarah,AF,2022-06-12 16:29:49,33.35,64.4167,61.77,19,0,4.25,clear sky
403,Yulara,AU,2022-06-12 16:29:49,-25.2406,130.9889,51.1,48,0,6.76,clear sky
404,Baishishan,CN,2022-06-12 16:29:50,43.5833,127.5667,60.76,92,100,3.18,light rain
405,Muyezerskiy,RU,2022-06-12 16:29:50,63.9333,31.65,65.32,49,100,6.87,overcast clouds
406,Plettenberg Bay,ZA,2022-06-12 16:29:50,-34.0527,23.3716,76.95,30,100,11.86,overcast clouds
407,Kalmunai,LK,2022-06-12 16:29:51,7.4167,81.8167,83.93,74,94,2.42,overcast clouds
408,Awbari,LY,2022-06-12 16:29:51,26.5921,12.7805,96.87,14,0,10.04,clear sky
409,Port Elizabeth,ZA,2022-06-12 16:29:51,-33.918,25.5701,79.11,25,0,11.5,clear sky
410,Kamensk-Uralskiy,RU,2022-06-12 16:29:52,56.4185,61.9329,48.56,87,99,11.05,overcast clouds
411,Tiznit,MA,2022-06-12 16:29:52,29.5833,-9.5,83.93,43,37,10.2,scattered clouds
412,Rio Grande,BR,2022-06-12 16:28:01,-32.035,-52.0986,60.91,70,4,16.98,clear sky
413,Nouadhibou,MR,2022-06-12 16:29:52,20.931,-17.0347,75.18,69,0,24.16,sand
414,Kentau,KZ,2022-06-12 16:29:53,43.5206,68.5094,76.39,41,46,8.99,scattered clouds
415,Karaton,ID,2022-06-12 16:29:53,-6.3424,106.1045,73.81,95,100,3.51,light rain
416,Yarada,IN,2022-06-12 16:29:53,17.65,83.2667,79.12,83,75,6.91,broken clouds
417,Jinchang,CN,2022-06-12 16:29:54,38.4953,102.1739,68.99,11,0,3.94,clear sky
418,Olafsvik,IS,2022-06-12 16:29:54,64.8945,-23.7142,47.82,79,82,9.04,broken clouds
419,Preobrazheniye,RU,2022-06-12 16:29:54,42.9019,133.9064,51.89,94,96,3.02,overcast clouds
420,Xingyi,CN,2022-06-12 16:29:54,24.1877,102.817,63.19,97,100,3.71,heavy intensity rain
421,Bakel,SN,2022-06-12 16:29:55,14.905,-12.4568,103.84,23,100,9.46,overcast clouds
422,Mahajanga,MG,2022-06-12 16:29:55,-15.7167,46.3167,75.22,60,20,3.44,few clouds
423,Tautira,PF,2022-06-12 16:29:55,-17.7333,-149.15,77.97,73,59,22.62,broken clouds
424,Kudahuvadhoo,MV,2022-06-12 16:29:56,2.6708,72.8944,84.16,69,100,9.22,overcast clouds
425,Ossora,RU,2022-06-12 16:29:56,59.2353,163.0719,42.87,93,100,2.39,light rain
426,Presidencia Roque Saenz Pena,AR,2022-06-12 16:27:28,-26.7852,-60.4388,62.31,29,0,4.65,clear sky
427,Juneau,US,2022-06-12 16:25:45,58.3019,-134.4197,50.22,96,100,4.61,moderate rain
428,Ust-Ishim,RU,2022-06-12 16:29:56,57.6935,71.1665,56.61,97,10,4.92,clear sky
429,Arlit,NE,2022-06-12 16:29:15,18.7369,7.3853,108.46,10,14,4.92,few clouds
430,Tilichiki,RU,2022-06-12 16:29:57,60.4667,166.1,35.47,86,43,3.58,scattered clouds
431,Khasan,RU,2022-06-12 16:29:57,42.4308,130.6434,55.72,96,100,4.21,overcast clouds
432,Salisbury,GB,2022-06-12 16:29:57,51.0693,-1.7957,69.66,47,40,13.8,scattered clouds
433,High Level,CA,2022-06-12 16:29:58,58.5169,-117.136,63.12,38,39,6.67,scattered clouds
434,Petauke,ZM,2022-06-12 16:29:58,-14.2426,31.3253,63.45,49,3,7.76,clear sky
435,Mantua,IT,2022-06-12 16:29:58,45.1667,10.7833,90.21,42,3,1.01,clear sky
436,Sosnovo-Ozerskoye,RU,2022-06-12 16:29:59,52.5249,111.5418,50.4,74,6,3.8,clear sky
437,Souillac,MU,2022-06-12 16:29:59,-20.5167,57.5167,70.18,94,75,8.05,light rain
438,Vila Do Maio,CV,2022-06-12 16:29:59,15.1333,-23.2167,83.19,84,7,11.23,clear sky
439,Hualmay,PE,2022-06-12 16:30:00,-11.0964,-77.6139,67.1,69,54,9.37,broken clouds
440,Ambilobe,MG,2022-06-12 16:30:00,-13.2,49.05,72.81,72,13,2.86,few clouds
441,Katangli,RU,2022-06-12 16:30:00,51.7102,143.2326,46.35,94,2,7.7,clear sky
442,Frutal,BR,2022-06-12 16:30:01,-20.0247,-48.9406,71.33,37,99,6.82,overcast clouds
443,Eufaula,US,2022-06-12 16:26:04,31.8913,-85.1455,87.85,66,75,0.0,broken clouds
444,Parana,AR,2022-06-12 16:30:02,-31.732,-60.5238,67.55,37,0,6.78,clear sky
445,Pisco,PE,2022-06-12 16:30:02,-13.7,-76.2167,61.02,82,100,5.75,mist
446,Thunder Bay,CA,2022-06-12 16:28:04,48.4001,-89.3168,66.11,48,75,8.05,broken clouds
447,Mount Isa,AU,2022-06-12 16:30:02,-20.7333,139.5,46.17,61,0,4.61,clear sky
448,Sao Tome,ST,2022-06-12 16:30:03,0.3365,6.7273,79.79,76,43,5.77,scattered clouds
449,Talaya,RU,2022-06-12 16:30:03,61.3833,152.75,39.9,90,92,2.86,moderate rain
450,Manggar,ID,2022-06-12 16:30:04,-2.8833,108.2667,79.12,83,100,3.31,overcast clouds
451,Daru,PG,2022-06-12 16:30:04,-9.0763,143.2092,77.54,90,98,14.25,overcast clouds
452,Maldonado,UY,2022-06-12 16:30:05,-34.6667,-54.9167,54.79,62,0,11.07,clear sky
453,Liwale,TZ,2022-06-12 16:30:05,-9.7667,37.9333,68.94,51,47,5.64,scattered clouds
454,Guasdualito,VE,2022-06-12 16:30:05,7.2424,-70.7324,73.4,100,100,4.61,heavy intensity rain
455,Tahlequah,US,2022-06-12 16:28:33,35.9154,-94.97,91.62,46,0,10.36,clear sky
456,Brae,GB,2022-06-12 16:30:06,60.3964,-1.353,51.04,88,99,20.6,light rain
457,Dicabisagan,PH,2022-06-12 16:30:06,17.0818,122.4157,80.96,85,97,6.4,overcast clouds
458,Aktau,KZ,2022-06-12 16:30:06,43.65,51.2,75.78,46,11,7.65,few clouds
459,Ukiah,US,2022-06-12 16:29:47,39.1502,-123.2078,66.43,85,100,4.0,overcast clouds
460,Tiksi,RU,2022-06-12 16:30:07,71.6872,128.8694,38.39,79,69,6.78,broken clouds
461,Sao Joao Da Barra,BR,2022-06-12 16:30:07,-21.6403,-41.0511,71.69,83,100,4.81,light rain
462,Walvis Bay,NA,2022-06-12 16:30:07,-22.9575,14.5053,77.95,25,0,6.91,clear sky
463,Marsa Matruh,EG,2022-06-12 16:30:08,31.3525,27.2453,73.76,79,0,14.5,clear sky
464,Husavik,IS,2022-06-12 16:30:08,66.0449,-17.3389,42.4,95,100,4.18,overcast clouds
465,Moultrie,US,2022-06-12 16:30:09,31.1799,-83.7891,87.08,62,0,4.61,clear sky
466,Dukat,RU,2022-06-12 16:30:09,62.55,155.55,30.74,95,100,3.47,overcast clouds
467,Pevek,RU,2022-06-12 16:30:09,69.7008,170.3133,36.66,65,27,2.95,scattered clouds
468,Murgab,TM,2022-06-12 16:30:10,37.4966,61.9714,84.07,34,75,4.61,broken clouds
469,Pontes E Lacerda,BR,2022-06-12 16:30:10,-15.2261,-59.3353,70.56,34,96,7.34,overcast clouds
470,Nautla,MX,2022-06-12 16:30:10,20.2167,-96.7833,90.99,51,4,13.62,clear sky
471,Teodoro Sampaio,BR,2022-06-12 16:29:44,-22.5325,-52.1675,64.22,32,100,8.1,overcast clouds
472,Portobelo,PA,2022-06-12 16:30:11,9.55,-79.65,81.95,81,88,2.93,overcast clouds
473,Lazaro Cardenas,MX,2022-06-12 16:30:11,17.9583,-102.2,88.23,57,66,5.91,broken clouds
474,Vostok,RU,2022-06-12 16:30:11,46.4856,135.8833,46.22,91,1,4.45,clear sky
475,Solnechnyy,RU,2022-06-12 16:30:12,50.7214,136.6319,56.71,83,97,3.6,overcast clouds
476,Cap Malheureux,MU,2022-06-12 16:30:12,-19.9842,57.6142,72.46,80,100,7.0,overcast clouds
477,Coihaique,CL,2022-06-12 16:30:02,-45.5752,-72.0662,39.81,86,75,3.44,broken clouds
478,Shieli,KZ,2022-06-12 16:30:12,44.1667,66.75,79.09,31,89,9.95,overcast clouds
479,Kungurtug,RU,2022-06-12 16:25:41,50.5994,97.5228,58.66,37,38,2.48,scattered clouds
480,Emba,KZ,2022-06-12 16:30:13,48.8264,58.1442,63.95,78,65,8.68,light rain
481,Banda Aceh,ID,2022-06-12 16:30:13,5.5577,95.3222,80.35,72,100,7.38,overcast clouds
482,Rio Gallegos,AR,2022-06-12 16:30:14,-51.6226,-69.2181,42.85,75,0,8.05,clear sky
483,Laguna De Duero,ES,2022-06-12 16:30:14,41.5815,-4.7233,96.94,24,0,9.22,clear sky
484,Guatire,VE,2022-06-12 16:30:14,10.4762,-66.5427,86.68,81,90,4.18,overcast clouds
485,Korla,CN,2022-06-12 16:30:15,41.7597,86.1469,86.05,13,20,6.67,few clouds
486,Kodinar,IN,2022-06-12 16:30:15,20.7903,70.7031,83.25,78,60,8.43,broken clouds
487,San Martin,AR,2022-06-12 16:30:15,-33.081,-68.4681,59.54,34,28,6.67,scattered clouds
488,Twin Falls,US,2022-06-12 16:30:16,42.3505,-114.6445,61.14,59,100,6.91,overcast clouds
489,Howard Springs,AU,2022-06-12 16:30:16,-12.497,131.047,71.51,56,6,7.4,clear sky
490,Challapata,BO,2022-06-12 16:30:16,-18.9,-66.7667,46.11,16,0,7.25,clear sky
491,Kobryn,BY,2022-06-12 16:30:17,52.2138,24.3564,68.05,75,38,10.18,scattered clouds
492,Boueni,YT,2022-06-12 16:30:17,-12.9025,45.0761,78.78,68,9,7.76,clear sky
493,Muroto,JP,2022-06-12 16:30:17,33.2833,134.15,71.24,76,100,6.78,overcast clouds
494,Bemidji,US,2022-06-12 16:28:21,47.4736,-94.8803,69.06,68,100,13.8,overcast clouds
495,Yar-Sale,RU,2022-06-12 16:30:18,66.8333,70.8333,47.41,81,100,25.97,overcast clouds
496,Stonewall,CA,2022-06-12 16:30:18,50.1344,-97.3268,59.79,90,100,8.86,moderate rain
497,Khandbari,NP,2022-06-12 16:30:18,27.3747,87.2039,73.09,83,93,3.13,overcast clouds
498,Letlhakeng,BW,2022-06-12 16:30:19,-24.0944,25.0298,58.96,39,0,2.66,clear sky
499,Okakarara,NA,2022-06-12 16:30:19,-20.5833,17.4333,60.76,37,0,6.91,clear sky
500,Elizabeth City,US,2022-06-12 16:30:19,36.2946,-76.2511,89.01,66,20,4.61,few clouds
501,Port Hardy,CA,2022-06-12 16:28:04,50.6996,-127.4199,53.78,76,75,5.75,broken clouds
502,Narsaq,GL,2022-06-12 16:30:20,60.9167,-46.05,52.02,91,100,5.79,light rain
503,Komsomolskiy,UZ,2022-06-12 16:30:20,40.4272,71.7189,77.72,47,55,4.61,broken clouds
504,Nizhneudinsk,RU,2022-06-12 16:30:21,54.9076,99.0276,63.66,74,99,3.8,light rain
505,San Rafael,AR,2022-06-12 16:25:24,-34.6177,-68.3301,66.13,19,30,10.89,scattered clouds
506,Houston,US,2022-06-12 16:26:52,29.7633,-95.3633,93.94,65,75,13.8,broken clouds
507,Yaan,NG,2022-06-12 16:30:21,7.3833,8.5667,83.16,68,87,5.48,overcast clouds
508,Miles City,US,2022-06-12 16:30:21,46.4083,-105.8406,65.37,72,0,4.61,clear sky
509,Valdivia,CL,2022-06-12 16:29:27,-39.8142,-73.2459,48.29,73,92,1.9,overcast clouds
510,Samoded,RU,2022-06-12 16:30:22,63.6083,40.5111,64.18,53,94,6.64,overcast clouds
511,Eydhafushi,MV,2022-06-12 16:30:22,5.1033,73.0708,83.61,74,100,9.93,overcast clouds
512,Pandhurna,IN,2022-06-12 16:30:22,21.6,78.5167,89.4,44,58,5.7,broken clouds
513,Kaa-Khem,RU,2022-06-12 16:30:23,51.6833,94.7333,68.58,52,97,6.53,overcast clouds
514,Radebeul,DE,2022-06-12 16:30:23,51.1065,13.6605,82.92,38,0,9.22,clear sky
515,Artyom,AZ,2022-06-12 16:30:23,40.4723,50.333,75.34,58,89,10.29,overcast clouds
516,Ternate,ID,2022-06-12 16:30:24,0.8,127.4,80.29,78,89,4.09,overcast clouds
517,Dongsheng,CN,2022-06-12 16:30:24,39.8161,109.9776,60.19,41,44,9.73,scattered clouds
518,Toamasina,MG,2022-06-12 16:30:24,-18.1667,49.3833,69.8,88,75,10.36,broken clouds
519,Weyburn,CA,2022-06-12 16:30:24,49.6668,-103.8511,68.22,60,32,1.14,scattered clouds
520,Plattsburgh,US,2022-06-12 16:30:25,44.6995,-73.4529,80.37,56,0,19.57,clear sky
521,Marzuq,YE,2022-06-12 16:30:25,14.4,46.4667,85.57,28,95,5.79,overcast clouds
522,Iralaya,HN,2022-06-12 16:30:25,15.0,-83.2333,79.86,84,99,15.48,overcast clouds
523,Fort Nelson,CA,2022-06-12 16:28:04,58.8053,-122.7002,58.59,38,40,5.75,scattered clouds
524,Changji,CN,2022-06-12 16:28:27,44.0167,87.3167,88.59,20,0,4.47,clear sky
525,Gizo,SB,2022-06-12 16:30:26,-8.103,156.8419,81.28,76,14,6.93,few clouds
526,Puerto Escondido,MX,2022-06-12 16:30:26,15.85,-97.0667,86.83,58,0,5.75,clear sky
527,Hamilton,US,2022-06-12 16:30:26,39.1834,-84.5333,82.65,79,20,6.91,few clouds
528,Kahului,US,2022-06-12 16:30:27,20.8947,-156.47,77.85,79,20,13.8,few clouds
529,Sembakung,ID,2022-06-12 16:30:27,3.8167,117.25,72.88,98,91,1.61,overcast clouds
530,Qasigiannguit,GL,2022-06-12 16:30:27,68.8193,-51.1922,37.65,73,29,3.8,scattered clouds
531,Ratnagiri,IN,2022-06-12 16:30:28,16.9833,73.3,80.47,84,79,11.07,broken clouds
532,Khagaul,IN,2022-06-12 16:30:28,25.5833,85.05,89.55,70,5,13.8,haze
533,Bandar-E Lengeh,IR,2022-06-12 16:30:28,26.5579,54.8807,95.11,52,0,4.61,haze
534,Scarborough,GB,2022-06-12 16:30:14,54.2797,-0.4044,61.92,61,86,7.0,overcast clouds
535,Varena,LT,2022-06-12 16:30:29,54.2167,24.5667,65.16,71,65,9.24,broken clouds
536,Dubti,ET,2022-06-12 16:30:29,11.7361,41.0853,103.48,12,28,9.89,scattered clouds
537,Kefamenanu,ID,2022-06-12 16:30:29,-9.4467,124.4781,65.82,86,95,4.76,overcast clouds
538,Bonavista,CA,2022-06-12 16:30:30,48.6499,-53.1147,57.88,70,100,9.01,overcast clouds
539,Selma,US,2022-06-12 16:29:10,36.5708,-119.6121,85.17,41,1,0.45,clear sky
540,Honnali,IN,2022-06-12 16:30:30,14.25,75.6667,74.1,72,33,9.31,scattered clouds
541,Winnemucca,US,2022-06-12 16:30:31,40.973,-117.7357,69.85,56,100,3.44,overcast clouds
542,Old Saybrook,US,2022-06-12 16:30:31,41.2918,-72.3762,72.3,70,40,9.22,scattered clouds
543,Viedma,AR,2022-06-12 16:30:29,-40.8135,-62.9967,65.01,32,100,19.69,overcast clouds
544,Canutama,BR,2022-06-12 16:30:31,-6.5339,-64.3831,73.8,68,100,4.14,overcast clouds
545,Elat,IL,2022-06-12 16:30:32,29.5581,34.9482,105.64,14,0,10.36,clear sky
546,Beidao,CN,2022-06-12 16:30:32,34.5686,105.8933,62.73,71,30,3.09,scattered clouds
547,Necochea,AR,2022-06-12 16:30:32,-38.5473,-58.7368,59.79,36,28,8.08,scattered clouds
548,Diego De Almagro,CL,2022-06-12 16:30:33,-26.3667,-70.05,75.13,11,0,6.06,clear sky
549,Saint-Pierre,RE,2022-06-12 16:30:33,-21.3393,55.4781,71.28,78,20,20.71,few clouds
550,Nowy Tomysl,PL,2022-06-12 16:30:33,52.3195,16.1284,76.78,74,93,4.34,overcast clouds
551,Wichita Falls,US,2022-06-12 16:27:41,33.9137,-98.4934,96.26,39,0,21.85,clear sky
552,Marovoay,MG,2022-06-12 16:30:34,-16.1,46.6333,78.87,45,51,11.95,broken clouds
553,Mezen,RU,2022-06-12 16:30:34,65.8522,44.24,63.55,47,100,9.22,overcast clouds
554,Torrington,US,2022-06-12 16:30:34,41.8007,-73.1212,72.68,78,99,1.01,overcast clouds
555,Vega De Alatorre,MX,2022-06-12 16:30:34,20.0333,-96.6333,90.25,53,1,12.8,clear sky
556,Yambio,SS,2022-06-12 16:30:35,4.5721,28.3955,71.78,82,74,3.56,light rain
557,Palmer,US,2022-06-12 16:28:36,42.1584,-72.3287,77.38,61,75,11.5,broken clouds
558,Belmonte,BR,2022-06-12 16:30:35,-15.8631,-38.8828,78.62,70,88,4.16,overcast clouds
559,Novoagansk,RU,2022-06-12 16:30:35,61.9449,76.6625,57.04,88,47,5.32,scattered clouds
560,Bhatkal,IN,2022-06-12 16:30:36,13.9667,74.5667,79.84,81,100,9.1,overcast clouds
561,Martapura,ID,2022-06-12 16:30:36,-3.4167,114.85,77.09,94,40,0.0,scattered clouds
562,Tateyama,JP,2022-06-12 16:30:36,34.9833,139.8667,65.1,86,60,6.4,broken clouds
563,Bouafle,CI,2022-06-12 16:30:37,6.9904,-5.7442,89.62,91,99,3.44,moderate rain
564,Oktyabrskiy,RU,2022-06-12 16:30:37,54.4815,53.471,46.8,87,100,8.93,overcast clouds
565,Langxiang,CN,2022-06-12 16:30:37,46.95,128.8833,57.67,77,100,2.89,overcast clouds
566,Porto-Vecchio,FR,2022-06-12 16:30:38,41.591,9.2795,89.26,23,0,18.41,clear sky
567,Kasongo-Lunda,CD,2022-06-12 16:30:38,-6.4667,16.8167,76.57,38,10,1.68,clear sky
568,Khon Buri,TH,2022-06-12 16:30:38,14.5254,102.2459,85.01,79,95,5.39,overcast clouds
569,Yang Talat,TH,2022-06-12 16:30:39,16.3998,103.3679,88.97,87,100,4.61,overcast clouds
570,San Pedro,PH,2022-06-12 16:30:39,14.35,121.0167,81.63,88,20,2.3,few clouds
571,Fryanovo,RU,2022-06-12 16:30:39,56.1333,38.45,60.57,67,0,5.86,clear sky
572,Vardo,NO,2022-06-12 16:30:39,70.3705,31.1107,51.78,66,100,13.8,overcast clouds
573,Batemans Bay,AU,2022-06-12 16:30:40,-35.7167,150.1833,46.38,72,53,5.68,broken clouds
574,Tessalit,ML,2022-06-12 16:30:40,20.1986,1.0114,94.19,20,99,10.98,overcast clouds
575,Lakselv,NO,2022-06-12 16:30:40,70.0513,24.9718,49.82,62,75,13.8,broken clouds
576,Broome,US,2022-06-12 16:30:41,42.2506,-75.833,74.46,67,100,8.01,overcast clouds
577,Sulangan,PH,2022-06-12 16:30:41,11.1373,123.7228,83.95,73,54,7.11,broken clouds
578,Kataysk,RU,2022-06-12 16:30:41,56.289,62.5841,49.71,85,96,10.31,overcast clouds
579,Hay River,CA,2022-06-12 16:30:42,60.8156,-115.7999,67.98,45,20,2.3,few clouds
580,Ituporanga,BR,2022-06-12 16:30:42,-27.4144,-49.6025,60.8,38,0,6.38,clear sky
581,Lafiagi,NG,2022-06-12 16:30:42,8.8667,5.4167,91.98,47,47,3.06,scattered clouds
582,Boden,SE,2022-06-12 16:30:43,65.8252,21.6886,57.2,57,75,7.9,broken clouds
583,Warrenton,ZA,2022-06-12 16:30:43,-28.114,24.8475,57.31,38,11,9.26,few clouds
584,Kurumkan,RU,2022-06-12 16:30:43,54.3,110.3,58.53,46,17,2.3,few clouds
585,Vila Franca Do Campo,PT,2022-06-12 16:30:43,37.7167,-25.4333,68.41,79,87,7.07,light rain
586,Santa Cruz De Tenerife,ES,2022-06-12 16:26:49,28.4682,-16.2546,75.88,74,20,17.27,few clouds
587,Maraa,BR,2022-06-12 16:30:44,-1.8333,-65.3667,72.1,93,100,3.98,overcast clouds
588,Genhe,CN,2022-06-12 16:30:44,50.7833,121.5167,51.31,98,96,3.96,overcast clouds
589,Tha Muang,TH,2022-06-12 16:30:44,13.9612,99.6412,77.38,84,99,5.32,overcast clouds
590,Gazli,UZ,2022-06-12 16:30:45,40.1333,63.45,82.96,23,5,8.16,clear sky
591,Moen,NO,2022-06-12 16:30:45,69.1304,18.6123,56.86,71,75,4.61,broken clouds
592,Petrolina,BR,2022-06-12 16:30:41,-9.3986,-40.5008,89.65,40,40,10.36,light rain
593,Geraldton,AU,2022-06-12 16:30:45,-28.7667,114.6,59.41,77,40,5.75,scattered clouds
594,Nemuro,JP,2022-06-12 16:30:46,43.3236,145.575,47.41,99,100,17.05,overcast clouds
595,Evensk,RU,2022-06-12 16:30:46,61.95,159.2333,42.4,91,100,3.04,light rain
596,Akcakoca,TR,2022-06-12 16:30:46,41.0866,31.1162,67.78,87,79,1.1,broken clouds
597,Jacareacanga,BR,2022-06-12 16:30:47,-6.2222,-57.7528,86.63,56,88,2.35,overcast clouds
598,Fontem,CM,2022-06-12 16:30:47,5.4685,9.8818,68.49,93,90,2.73,moderate rain
599,Saint-Francois,FR,2022-06-12 16:30:47,46.4154,3.9054,80.67,50,0,9.22,clear sky
600,Nhulunbuy,AU,2022-06-12 16:30:48,-12.2333,136.7667,75.81,78,56,9.22,broken clouds
601,Bochil,MX,2022-06-12 16:30:48,16.9833,-92.9167,73.36,53,17,1.77,few clouds
602,Merritt Island,US,2022-06-12 16:30:48,28.5392,-80.672,90.05,63,75,11.01,broken clouds
603,Roebourne,AU,2022-06-12 16:30:48,-20.7833,117.1333,74.7,62,74,3.74,broken clouds
604,Zaltan,LY,2022-06-12 16:30:49,32.947,11.8665,76.59,56,0,10.47,clear sky
605,Lucapa,AO,2022-06-12 16:30:49,-8.4192,20.7447,73.71,35,1,2.55,clear sky
606,Campbellton,CA,2022-06-12 16:30:40,48.0075,-66.6727,72.05,42,17,1.23,few clouds
607,Kalemie,CD,2022-06-12 16:30:50,-5.9475,29.1947,72.93,69,65,2.06,broken clouds
608,Kibaya,TZ,2022-06-12 16:30:50,-5.3,36.5667,60.55,79,87,7.34,overcast clouds
609,Pacific Grove,US,2022-06-12 16:30:01,36.6177,-121.9166,70.41,85,0,5.75,clear sky
610,Hit,IQ,2022-06-12 16:30:50,33.6416,42.8251,98.56,11,0,6.51,clear sky
611,Mae Chan,TH,2022-06-12 16:30:51,20.1467,99.8526,82.06,94,99,2.08,overcast clouds
612,Chicama,PE,2022-06-12 16:30:51,-7.8447,-79.1469,59.54,58,52,9.13,broken clouds
613,Yerbogachen,RU,2022-06-12 16:30:51,61.2767,108.0108,49.12,69,37,4.09,scattered clouds
614,Wanning,CN,2022-06-12 16:30:52,18.8003,110.3967,81.28,93,99,11.59,overcast clouds
615,Beringovskiy,RU,2022-06-12 16:30:52,63.05,179.3167,38.68,62,25,3.11,scattered clouds
616,Waddan,LY,2022-06-12 16:30:52,29.1614,16.139,88.45,24,0,10.67,clear sky
617,Monchique,PT,2022-06-12 16:30:52,37.3177,-8.5553,75.15,30,0,5.41,clear sky
618,Kudat,MY,2022-06-12 16:30:53,6.8837,116.8477,77.29,94,20,0.0,few clouds
619,Marsh Harbour,BS,2022-06-12 16:30:53,26.5412,-77.0636,83.03,74,100,10.85,overcast clouds
620,Biak,ID,2022-06-12 16:30:53,-0.9131,122.8766,75.92,87,100,1.34,overcast clouds
621,Ashta,IN,2022-06-12 16:30:54,23.0167,76.7167,85.19,56,59,5.46,broken clouds
622,Cherdyn,RU,2022-06-12 16:30:54,60.403,56.4787,54.12,60,38,8.16,scattered clouds
623,Sapernoye,RU,2022-06-12 16:30:54,60.7167,29.9505,69.66,56,86,6.87,overcast clouds
624,Kisangani,CD,2022-06-12 16:30:55,0.5167,25.2,73.69,91,100,1.32,overcast clouds
625,Suluq,LY,2022-06-12 16:30:55,31.6682,20.2521,77.59,53,0,19.13,clear sky
626,Ruidoso,US,2022-06-12 16:30:55,33.3317,-105.673,86.05,16,0,12.66,clear sky
627,Bintulu,MY,2022-06-12 16:30:56,3.1667,113.0333,77.41,94,20,3.44,few clouds
628,Zhanaozen,KZ,2022-06-12 16:30:56,43.3,52.8,81.97,20,0,9.71,clear sky
629,Parit Buntar,MY,2022-06-12 16:30:56,5.1267,100.4932,80.62,87,93,2.46,overcast clouds
630,Wagga Wagga,AU,2022-06-12 16:30:57,-35.1167,147.3667,45.84,100,75,6.91,broken clouds
631,San Jose,US,2022-06-12 16:26:28,37.3394,-121.895,78.49,70,75,4.61,broken clouds
632,Sebrovo,RU,2022-06-12 16:30:57,50.0981,43.2976,67.8,70,4,8.39,clear sky
633,Saurimo,AO,2022-06-12 16:30:57,-9.6608,20.3916,69.19,39,16,3.0,few clouds
634,Diffa,NE,2022-06-12 16:30:58,13.3154,12.6113,103.42,17,35,5.19,scattered clouds
635,Axim,GH,2022-06-12 16:30:58,4.8699,-2.2405,80.29,70,88,7.38,overcast clouds
636,Nata,PA,2022-06-12 16:30:58,8.3333,-80.5167,80.47,75,100,10.0,overcast clouds
637,Kosai,JP,2022-06-12 16:30:59,34.7105,137.5316,69.93,68,100,10.96,overcast clouds
638,Omboue,GA,2022-06-12 16:30:59,-1.5746,9.2618,77.9,85,98,6.15,overcast clouds
639,Anqing,CN,2022-06-12 16:30:59,30.5092,117.0506,68.47,97,100,3.8,moderate rain
640,Semey,KZ,2022-06-12 16:31:00,50.4111,80.2275,77.04,55,100,7.18,light rain
641,Maykor,RU,2022-06-12 16:31:00,59.0059,55.88,54.64,72,81,7.67,broken clouds
642,Sabang,ID,2022-06-12 16:31:00,5.8933,95.3214,83.23,72,100,12.8,overcast clouds
643,Canico,PT,2022-06-12 16:31:01,32.6333,-16.85,78.71,67,20,19.57,few clouds
644,Mountain Home,US,2022-06-12 16:31:01,43.133,-115.6912,60.28,77,100,12.66,light intensity drizzle
645,Epiniana,GR,2022-06-12 16:31:01,39.1429,21.6134,61.74,84,70,4.12,broken clouds
646,Vydrino,RU,2022-06-12 16:31:02,51.485,104.8461,53.28,60,68,3.02,broken clouds
647,Balaghat,IN,2022-06-12 16:31:02,21.8,80.1833,89.53,43,9,0.98,clear sky
648,Swan Hill,AU,2022-06-12 16:26:25,-35.3378,143.5544,46.06,89,42,6.4,scattered clouds
649,At-Bashi,KG,2022-06-12 16:31:02,41.1702,75.8106,55.09,83,100,4.7,overcast clouds
650,Peniche,PT,2022-06-12 16:31:03,39.3558,-9.3811,81.28,75,4,13.71,clear sky
651,Dudinka,RU,2022-06-12 16:31:03,69.4058,86.1778,63.63,44,100,12.3,overcast clouds
652,Tianpeng,CN,2022-06-12 16:31:03,30.9866,103.9393,73.87,78,96,1.77,overcast clouds
653,Zaoyang,CN,2022-06-12 16:31:03,32.1272,112.7542,67.37,89,85,5.55,light rain
654,George,ZA,2022-06-12 16:30:07,-33.963,22.4617,67.55,30,0,9.22,clear sky
655,Anadyr,RU,2022-06-12 16:31:04,64.75,177.4833,32.5,86,0,2.24,clear sky
656,Poum,NC,2022-06-12 16:31:04,-20.2333,164.0167,74.88,82,100,10.04,overcast clouds
657,Blagoveshchenka,RU,2022-06-12 16:31:04,52.8333,79.8667,70.29,46,71,4.79,broken clouds
658,Arauco,CL,2022-06-12 16:31:05,-37.2463,-73.3175,52.88,76,84,4.32,broken clouds
659,Misratah,LY,2022-06-12 16:31:05,32.3754,15.0925,75.13,74,0,16.35,clear sky
660,Fallon,US,2022-06-12 16:31:06,39.4735,-118.7774,84.07,18,75,20.71,broken clouds
661,Atambua,ID,2022-06-12 16:31:06,-9.1061,124.8925,69.22,79,95,6.69,overcast clouds
662,West Bay,KY,2022-06-12 16:31:06,19.3667,-81.4167,89.67,66,20,11.5,few clouds
663,Neuquen,AR,2022-06-12 16:30:23,-38.9516,-68.0591,51.69,46,0,6.91,clear sky
664,Rawah,IQ,2022-06-12 16:31:07,34.4816,41.9093,95.77,13,3,3.4,clear sky
665,Arkhangelsk,RU,2022-06-12 16:31:07,64.5401,40.5433,71.71,32,40,4.47,scattered clouds
666,Middle Island,US,2022-06-12 16:31:07,40.8843,-72.9373,68.88,90,100,10.36,moderate rain
667,Nantucket,US,2022-06-12 16:27:17,41.2835,-70.0995,73.51,84,83,11.45,broken clouds
668,Bardiyah,LY,2022-06-12 16:31:08,31.7561,25.0865,74.75,73,0,18.52,clear sky
669,Cockburn Town,TC,2022-06-12 16:31:08,21.4612,-71.1419,85.96,70,40,16.11,scattered clouds
670,Burgeo,CA,2022-06-12 16:31:08,47.6167,-57.6152,58.8,79,62,7.58,broken clouds
671,Condado,CU,2022-06-12 16:31:09,21.8767,-79.8403,86.86,63,100,5.32,overcast clouds
672,Sakakah,SA,2022-06-12 16:31:09,29.9697,40.2064,103.57,10,0,9.71,clear sky
673,Kuytun,RU,2022-06-12 16:31:09,54.3419,101.5036,60.94,61,81,5.14,broken clouds
674,Vestmanna,FO,2022-06-12 16:31:10,62.1564,-7.1664,50.92,87,75,19.57,broken clouds
675,Fort-Shevchenko,KZ,2022-06-12 16:31:10,44.5086,50.263,76.87,49,1,8.19,clear sky
676,La Ronge,CA,2022-06-12 16:28:09,55.1001,-105.2842,59.25,77,75,9.22,broken clouds
677,Loa Janan,ID,2022-06-12 16:31:10,-0.583,117.095,73.29,97,91,0.74,overcast clouds
678,Shenjiamen,CN,2022-06-12 16:31:11,29.9576,122.298,68.5,94,100,8.48,light rain
679,Pandan,PH,2022-06-12 16:31:11,14.0453,124.1694,80.85,83,100,7.43,overcast clouds
